<?xml version="1.0" encoding="UTF-8"?>
<project-private xmlns="http://www.netbeans.org/ns/project-private/1">
    <editor-bookmarks xmlns="http://www.netbeans.org/ns/editor-bookmarks/2" lastBookmarkId="0"/>
    <open-files xmlns="http://www.netbeans.org/ns/projectui-open-files/2">
        <group>
            <file>file:/home/daniel/Desktop/3o%20semestre/POO/freelance/Freelance/src/model/EmpresaModel.java</file>
            <file>file:/home/daniel/Desktop/3o%20semestre/POO/freelance/Freelance/src/view/ServicoFrame.java</file>
            <file>file:/home/daniel/Desktop/3o%20semestre/POO/freelance/Freelance/src/view/FreelanceEmpresa.java</file>
            <file>file:/home/daniel/Desktop/3o%20semestre/POO/freelance/Freelance/src/view/Freelance.java</file>
        </group>
    </open-files>
</project-private>
